Month,Electric_Bill,Water_Bill
Sep-18,115.46,37.26
Oct-18,118.6,33.12
Nov-18,68,20.7
Dec-18,84.52,35.88
Jan-19,69.03,27.6
Feb-19,57.5,22.08
Mar-19,67.2,20.7
Apr-19,34,27.6
May-19,73.5,26.22
Jun-19,37.5,16.56
Jul-19,84.5,37.26
Aug-19,134.33,38.64
Sep-19,128.04,45.55
Oct-19,105.49,51
Nov-19,81.25,44.3
Dec-19,123.32,92.46
Jan-20,119.65,92.46
Feb-20,119.13,34.5
Mar-20,97.66,NaN
